model,accuracy,balanced_accuracy,precision,recall,f1,roc_auc,pr_auc,mcc
Logistic Regression - Baseline,0.9494949494949495,0.5,0.0,0.0,0.0,0.7011968085106384,0.08670017653844025,0.0
Logistic Regression - SMOTE + Feature Selection,0.6414141414141414,0.574468085106383,0.07042253521126761,0.5,0.12345679012345678,0.6868351063829787,0.07714939783968905,0.0680061316537396
Logistic Regression - SHAP Top 20,0.9494949494949495,0.5,0.0,0.0,0.0,0.5098404255319149,0.05774774098435531,0.0
