model,accuracy,balanced_accuracy,precision,recall,f1,roc_auc,pr_auc,mcc
LSTM,0.8484848484848485,0.6598404255319149,0.15517241379310345,0.45,0.23076923076923078,0.7603723404255319,0.16709336336753827,0.197994531801805
