model,accuracy,balanced_accuracy,precision,recall,f1,roc_auc,pr_auc,mcc
XGBoost - Baseline,0.8131313131313131,0.6175531914893617,0.11428571428571428,0.4,0.17777777777777778,0.6943484042553191,0.1435643541929697,0.13496324768440007
XGBoost - SMOTE,0.8434343434343434,0.5388297872340425,0.08,0.2,0.11428571428571428,0.6420212765957447,0.08574479356174905,0.05120128672592955
XGBoost - SHAP Top 20,0.9191919191919192,0.5787234042553192,0.2,0.2,0.2,0.6708776595744681,0.10680130885389408,0.1574468085106383
